userName,userId,treasuryId,channel
testscript_21000,5ef59056-5cc8-493d-ac8c-2ceb5abd5e34,tn21000,channel_new1
testscript_21001,5b53ccbb-f54b-4b84-b27f-4b77cec5a293,tn21001,channel_new1
testscript_21002,72ff1f76-b6b8-480f-ac5e-55a3c079b13d,tn21002,channel_new1
testscript_21003,51a491eb-2f5f-41f5-81b5-b72dd1dcb01d,tn21003,channel_new1
testscript_21004,47cd5eb8-e7a1-42d3-8bc7-3c90fa5a5b99,tn21004,channel_new1
testscript_21005,121406b2-9d4d-46e9-95fe-05dd42810dc6,tn21005,channel_new1
testscript_21006,a09e8366-ad31-4211-b995-630bcd8910cf,tn21006,channel_new1
testscript_21007,05a1f369-ade9-4bd0-94fe-e88f9106e26f,tn21007,channel_new1
testscript_21008,06a9bddd-ad61-42f0-9def-7cf6fefe13b3,tn21008,channel_new1
testscript_21009,98122245-8ff4-43da-958d-f6d8c8c39e1d,tn21009,channel_new1
testscript_21010,72c762c4-d765-43fc-bde8-86a9f4e0e0a5,tn21010,channel_new1
testscript_21011,752b1b0c-ae8a-4f1a-bf7c-ae1f02691281,tn21011,channel_new1
testscript_21012,3358dfa4-c012-41ad-93f5-a599bd78c8b4,tn21012,channel_new1
testscript_21013,7fcc3d8f-45f7-4001-8f7a-78ddaa44f0fc,tn21013,channel_new1
testscript_21014,9d803a1f-bb0e-4dd5-b2dd-547cfa654d77,tn21014,channel_new1
testscript_21015,10d9a6e0-7314-4506-a00b-4385fbf7cc79,tn21015,channel_new1
testscript_21016,8ad0f09f-fdcc-4155-a236-a61a6f9b9050,tn21016,channel_new1
testscript_21017,448cfc6b-1000-418e-bc78-9a260b69cd76,tn21017,channel_new1
testscript_21018,2dea33e4-594b-42e3-b6b9-7828149e6932,tn21018,channel_new1
testscript_21019,096d84a5-ebfd-431e-bb14-98107d32dbc8,tn21019,channel_new1
testscript_21020,7d654f71-4cb8-446f-b818-85862d8ec217,tn21020,channel_new1
testscript_21021,cb7af771-4729-407d-bf00-158d9814ec62,tn21021,channel_new1
testscript_21022,5b1ac173-7b65-4229-9ca4-1839a4ce82af,tn21022,channel_new1
testscript_21023,6af47863-02e6-43d3-9baa-ed9cd4d18fa9,tn21023,channel_new1
testscript_21024,2eabc745-c536-418f-a7b1-9f13513be2cb,tn21024,channel_new1
testscript_21025,ba34612c-1231-499b-9749-66a60a42df10,tn21025,channel_new1
testscript_21026,1303d24c-241e-4e4e-948d-71bda2e629a0,tn21026,channel_new1
testscript_21027,6aca4fd9-bbcb-49cd-b493-3d9bd3f18961,tn21027,channel_new1
testscript_21028,b97835bd-ec13-4b3f-8b7b-59d02067c4c0,tn21028,channel_new1
testscript_21029,7ed90e17-3b66-4793-8e2d-8b9660bcd970,tn21029,channel_new1
testscript_21030,3297990c-3fd1-4763-a997-254b2c9c4667,tn21030,channel_new1
testscript_21031,cc7f5cc0-7208-4514-94cb-f21ed57df4c5,tn21031,channel_new1
testscript_21032,804daa14-171d-417d-a6d7-6fbd2c6f1875,tn21032,channel_new1
testscript_21033,67dcf972-0133-4a19-b53a-650b3081c822,tn21033,channel_new1
testscript_21034,f0f1fb71-d81d-4dd7-9f37-9eb874fa85fb,tn21034,channel_new1
testscript_21035,9ef17bb5-d759-4f92-82d9-95a71b068eb8,tn21035,channel_new1
testscript_21036,4488b7ea-34c7-46ae-a735-a2a07d5beedf,tn21036,channel_new1
testscript_21037,28a00291-ee58-46b6-aa25-92bfa3b320b8,tn21037,channel_new1
testscript_21038,01598bf7-fa30-489f-bfbc-86191b630fa7,tn21038,channel_new1
testscript_21039,d96f4a9b-cb19-4ac9-87ac-a107f49f941c,tn21039,channel_new1
testscript_21040,3ff2481c-c4ec-4f2a-b25e-38c9686b6d43,tn21040,channel_new1
testscript_21041,31c69304-eae7-4963-9f92-98a4ced8beb3,tn21041,channel_new1
testscript_21042,e1453729-883a-4b25-a743-4c3644618afa,tn21042,channel_new1
testscript_21043,8f7ee0d4-e61c-476e-ab3e-69a6dfd95d19,tn21043,channel_new1
testscript_21044,6d73a318-340a-4baf-9bc5-f3f98ce00028,tn21044,channel_new1
testscript_21045,6c9131a7-796b-45fd-9264-5c9d60dd731c,tn21045,channel_new1
testscript_21046,a22cacfa-8573-4e9d-b1d0-1841e10ff4d0,tn21046,channel_new1
testscript_21047,461e6cd0-ab52-4d35-ae59-75c4072f7ba3,tn21047,channel_new1
testscript_21048,ec12713c-53e0-4230-b05c-b524c4739541,tn21048,channel_new1
testscript_21049,7facb36f-e0bc-4b28-841f-5334a87edcdb,tn21049,channel_new1
testscript_21050,6c219971-3068-4615-a947-7333edbbe91c,tn21050,channel_new1
testscript_21051,15426277-43eb-4006-83ec-474a63f31864,tn21051,channel_new1
testscript_21052,aed85dcd-c76c-48bc-a330-3bfede49a937,tn21052,channel_new1
testscript_21053,4f20f9cd-3005-4774-a02b-e3a004a2b4f4,tn21053,channel_new1
testscript_21054,db30fba1-d416-4e33-bcba-1c94758c2fdc,tn21054,channel_new1
testscript_21055,77a5c844-4807-4156-b03d-f7d63b3a48be,tn21055,channel_new1
testscript_21056,a262151a-96ab-4054-b7dc-1ad48bf6190a,tn21056,channel_new1
testscript_21057,9f68943e-02a0-4ccf-957e-7ec35b92149b,tn21057,channel_new1
testscript_21058,7ecdf8d0-b1c5-468c-b52d-c16c59bff71d,tn21058,channel_new1
testscript_21059,9e368451-9574-4a92-b876-da78927d886d,tn21059,channel_new1
testscript_21060,811654ca-8510-48a7-9cab-14033cad6b37,tn21060,channel_new1
testscript_21061,738dc94d-6816-4c62-bd2b-e070ceea7a76,tn21061,channel_new1
testscript_21062,4a73646d-5723-4291-9453-9e86b6975752,tn21062,channel_new1
testscript_21063,a09bc174-ddc1-4632-aa15-cabdf679fd93,tn21063,channel_new1
testscript_21064,833bb7bc-fa89-45e5-a615-49b74bc43fdd,tn21064,channel_new1
testscript_21065,2a8480c9-1958-4a4e-b760-3f8d5e7424ea,tn21065,channel_new1
testscript_21066,2cf3b105-5f26-490c-a3d0-d105a0037b55,tn21066,channel_new1
testscript_21067,18945d27-a422-4354-b11e-2aa78e18600d,tn21067,channel_new1
testscript_21068,3716f1e5-f89b-4e41-a4df-478d8b4ed95f,tn21068,channel_new1
testscript_21069,74df06eb-8cea-45d2-8519-ac215bf09976,tn21069,channel_new1
testscript_21070,e8b7554f-1b0a-4b6d-87c5-1d731a97bc4f,tn21070,channel_new1
testscript_21071,3af79a78-6110-4551-9e92-67743f6b9e2b,tn21071,channel_new1
testscript_21072,c34f1891-5b37-4233-be92-7215111b6106,tn21072,channel_new1
testscript_21073,992aa811-606f-43dd-ab67-598d143938a7,tn21073,channel_new1
testscript_21074,a1e33772-d10b-44b9-b39f-94543028962d,tn21074,channel_new1
testscript_21075,53ec2297-b93f-4ec8-8803-4ad931c74112,tn21075,channel_new1
testscript_21076,7c6ebfd5-dfe4-46f1-8d0e-9f96f1a4856b,tn21076,channel_new1
testscript_21077,6b07b9da-beec-4dc2-b258-dd1f8157247f,tn21077,channel_new1
testscript_21078,afec16f0-e44e-480f-b511-fc08353403ce,tn21078,channel_new1
testscript_21079,3e37d933-c9d6-44af-a648-c4f2740b4f4e,tn21079,channel_new1
testscript_21080,1ba057be-8d4e-4233-b075-b80d22fed35c,tn21080,channel_new1
testscript_21081,9b827c8d-6ba7-4186-9a3f-a63eca02042a,tn21081,channel_new1
testscript_21082,2d419556-492f-4222-a2b8-071867b67c6e,tn21082,channel_new1
testscript_21083,22823f16-0991-403c-b9d7-bc90cd84445a,tn21083,channel_new1
testscript_21084,4ae336e0-b2ea-42ec-ba03-4aff7bcbf042,tn21084,channel_new1
testscript_21085,d5e614db-0894-4dd8-8167-1bac85f65b39,tn21085,channel_new1
testscript_21086,af501289-e356-43ac-b4aa-809894b88f10,tn21086,channel_new1
testscript_21087,7dd0e54e-24cb-4522-a8b1-c265e9220185,tn21087,channel_new1
testscript_21088,bced4c63-8330-46e9-a689-fc6eae8b6b9b,tn21088,channel_new1
testscript_21089,6e2e8665-ad6d-4260-bcfd-428a6210855c,tn21089,channel_new1
testscript_21090,958981e9-37bb-4174-8070-68607dd95660,tn21090,channel_new1
testscript_21091,e396c302-4e90-4df1-a2e2-74599c9a77fa,tn21091,channel_new1
testscript_21092,c02f43ab-1c67-400b-a4d8-d9f2f7b5d280,tn21092,channel_new1
testscript_21093,450cea31-a854-4c43-b326-7061ac4a0ab6,tn21093,channel_new1
testscript_21094,cb862b38-bab6-4f06-8126-184f383fe888,tn21094,channel_new1
testscript_21095,c87ba6a1-6d0e-4a26-9a08-399c890ad23c,tn21095,channel_new1
testscript_21096,9e4ebe38-eda3-4ee1-a110-7136f11237da,tn21096,channel_new1
testscript_21097,1e424e96-3d52-4fba-a4d0-b86c1912b3b5,tn21097,channel_new1
testscript_21098,20b1f8ab-e22b-4282-8052-60d1e3133a9b,tn21098,channel_new1
testscript_21099,98418af2-b173-4631-826f-d9767318161a,tn21099,channel_new1
testscript_21100,48172bce-4208-444b-8833-35da544789e7,tn21100,channel_new1
testscript_21101,6f0ed251-6e8f-4964-8504-08540d2a0164,tn21101,channel_new1
testscript_21102,1a7f5259-d00a-453e-b15a-a52923cccc91,tn21102,channel_new1
testscript_21103,51abaf60-9e03-41d8-a940-d0b036a255c3,tn21103,channel_new1
testscript_21104,b89782be-6575-4133-904f-8154fc845e47,tn21104,channel_new1
testscript_21105,4019016b-75c5-43a5-b46c-f8abc308c805,tn21105,channel_new1
testscript_21106,e225feb8-6026-491a-80bf-0bda2e942987,tn21106,channel_new1
testscript_21107,6f37170e-1bbb-4060-956d-f3c80c9b95bc,tn21107,channel_new1
testscript_21108,7cd79971-538a-4a51-a196-b51202b42895,tn2